timestamp,module,event_type,status,duration
2026-10-08 09:00:01,Login,login,success,1.2
2026-10-08 09:01:12,Login,login,success,1.1
2026-10-08 09:02:25,Login,login,error,2.5
2026-10-08 09:03:10,Dashboard,view,success,1.8
2026-10-08 09:04:32,Dashboard,view,success,1.6
2026-10-08 09:05:45,Dashboard,view,error,3.2
2026-10-08 09:06:20,Reports,generate,success,4.5
2026-10-08 09:07:15,Reports,generate,error,6.2
2026-10-08 09:08:40,Reports,download,success,2.8
2026-10-08 09:09:55,Login,login,failed,2.1
2026-10-08 09:10:30,Login,login,failed,2.3
2026-10-08 09:11:05,Login,login,failed,2.4
2026-10-08 09:11:40,Login,login,failed,2.5
2026-10-08 09:12:15,Login,login,failed,2.6
2026-10-08 09:13:00,Dashboard,view,success,1.5
2026-10-08 09:14:10,Dashboard,view,error,3.8
2026-10-08 09:15:22,Dashboard,search,success,2.0
2026-10-08 09:16:35,Reports,generate,error,7.1
2026-10-08 09:17:50,Reports,generate,error,6.8
2026-10-08 09:18:25,Reports,download,success,3.1
2026-10-08 09:19:40,Login,login,error,2.9
2026-10-08 09:20:15,Login,login,error,3.0
2026-10-08 09:21:30,Dashboard,view,success,1.7
2026-10-08 09:22:45,Reports,download,success,2.9
2026-10-08 09:23:50,Login,login,error,3.2
2026-10-08 09:24:35,Login,login,error,3.4
2026-10-08 09:25:20,Dashboard,search,success,2.2
2026-10-08 09:26:40,Reports,generate,success,4.2
2026-10-08 09:27:55,Reports,generate,error,6.5
2026-10-08 09:28:30,Dashboard,view,success,1.4